CustomerID,FirstName,LastName,Email,AddressLine1,AddressLine2,City,State,Zip,FavoriteColor,FavoriteQuote,VehicleVIN,VehicleMake,VehicleModel,VehicleYear,VehicleColor,CurrentMonthlyPremiumCents
"86619762140","Evelyn","Murray","hKnight@Yombu.info","9196 Southridge Plaza","","Lemoore","NY","7373640","Goldenrod","amet vitae consectetur id voluptatem libero aut consectetur fugiat.","7TSZ1M6YT9S1UD25L","Ram","2500","2007","Crimson","24335"
"71867319821","Wanda","Mills","RubyWilliamson@Centidel.name","2204 Morrow Trail","","San Bernardino","MD","1420888","Goldenrod","cum ut culpa exercitationem sit.","BRTWXUCFAP9AA7R58","BMW","6 Series","1996","Pink","17224"
"13533800752","Joe","Price","AndreaFord@Muxo.net","7050 Chive Crossing","","Alhambra","WV","9453579","Teal","eius similique hic officia quia ea fugit itaque.","928122H6BUFY9598W","Chrysler","300","2022","Pink","32110"
"98593967963","Joan","Burton","sint_ut@Leenti.gov","5677 Eagle Crest Park","","Waterford","MN","4634626","Khaki","sed aut est quod mollitia quos minus!","EV4CLNJ4M6EPS6YM5","Audi","Q3","2014","Turquoise","22433"
"90267176234","Walter","Alvarez","iLawson@Zoozzy.net","5614 Meadow Ridge Park","","Los Altos","WI","9447665","Violet","accusantium consequuntur voluptatem autem ut.","UH0ZJ26FEJZTBCYW6","Ram","2500","2010","Blue","30552"
"85487946835","Ashley","Romero","aut_ab_placeat@Latz.biz","183 Mandrake Trail","","Studio City","CO","3066678","Orange","nihil corporis quis veniam voluptas.","YDA1CSGNRGH8CGBSX","Dodge","Journey","2012","Purple","11282"
"37784085346","Diana","Lane","ChristinaBurke@Skyndu.net","7325 Buhler Road","","El Monte","MS","1709305","Fuscia","id id eos facere veniam.","2EZC8X2KEPL56NA80","Chevrolet","Trax","2008","Puce","15131"
"04577538877","Russell","Gilbert","cHanson@Kamba.com","1829 Dapin Trail","","Rolling Hills Estates","KS","5170974","Fuscia","ea dolores et mollitia cum veniam sequi nulla laborum.","X2VAMH191V8H5EL2W","Toyota","4Runner","2002","Crimson","19311"
"24877231778","Bruce","Carr","MichelleArmstrong@Rhyzio.gov","493 Victoria Pass","","Indio","AR","1777825","Turquoise","aut et hic dolor eius.","3RSRFPH3S6K8GGM28","Toyota","Corolla","2019","Green","11902"
"83620512779","Rachel","Ellis","TeresaWilson@Roombo.gov","8975 Oxford Pass","","Wasco","WV","9530595","Pink","mollitia ipsum vel sit.","F6E0KY1B2XBYJ4WVD","Lincoln","MKX","2007","Crimson","25919"
"717461084610","Margaret","Bryant","LarryBrown@Zoombox.mil","122 Darwin Lane","","Santa Monica","AK","4024264","Turquoise","voluptates et ex ea cumque repellendus.","SKEYUMAYSH8L12LUF","Nissan","Maxima","2015","Purple","26534"
"859135954811","Alice","Williamson","dolore_deleniti_ullam@Rhyloo.edu","4135 Manley Hill","","Albany","ND","4991635","Maroon","voluptas quibusdam sunt odio.","34ZJZTTP6DE7CC2ED","Mercedes-Benz","S-Class","1997","Yellow","16294"
"465922356212","Janice","Cole","voluptatem_quas@Thoughtstorm.name","5297 Jana Plaza","","Willits","NE","0622452","Teal","ex fugit enim sed molestiae illum.","1KD42ZDTTY2Z2ABG4","Honda","Pilot","2006","Fuscia","21635"
"093986382213","Ralph","Turner","occaecati_et_ut@Youspan.org","2173 Mesta Circle","","Tiburon","AL","8159119","Aquamarine","rem rem voluptatum aspernatur et est.","G9AG95TVS43BXE0SW","Cadillac","ATS","2000","Goldenrod","25678"
"420558916414","Albert","Clark","esse_non_fugiat@Eabox.net","5075 Lighthouse Bay Terrace","","Chino","IA","5930267","Blue","sequi autem ut cupiditate nobis eum.","68CF2Z94WMJ8LAM8D","Tesla","Model X","2005","Mauv","31624"
"273277331015","Stephen","Powell","iSpencer@Jetwire.biz","1638 Schurz Lane","","Placerville","NE","9865918","Violet","eos beatae quia dolorem expedita.","EAMNK029K1VYJNJNU","Chrysler","Pacifica","2002","Teal","23467"
"143843096416","Ryan","Alexander","explicabo_blanditiis@Youfeed.com","1305 Holy Cross Park","","Lakeport","MN","8206487","Puce","iste necessitatibus aperiam nisi quis id beatae nostrum officia.","MJAS31KL07E5993WU","Jeep","Grand Cherokee","2004","Crimson","28147"
"686566027417","Catherine","Fernandez","KathrynWagner@Edgetag.mil","2710 Comanche Pass","","Rio Dell","KS","0375078","Khaki","placeat similique enim nihil dolores voluptatum.","5BTER29HASGKPEJ04","GMC","Sierra","2011","Blue","31423"
"641160410318","Stephanie","Bishop","a_facere_rerum@Kwimbee.org","6678 Claremont Drive","","Los Altos Hills","MI","9146230","Puce","quis reiciendis est voluptate voluptatem odio.","BA1ZX3MFS9G0NUE1N","Kia","Stinger","2023","Blue","25155"
"214457404819","Kathy","Phillips","cRuiz@Kayveo.name","4639 Old Gate Circle","","Hidden Hills","IN","1707106","Aquamarine","dolorum ullam voluptate accusantium eveniet officiis cumque officiis.","D8W46D593KBA21ZH5","Mercedes-Benz","GLE","2019","Turquoise","23383"
"798936569420","Earl","Grant","BettyHanson@Tanoodle.name","5559 Tomscot Way","","Menifee","HI","6529249","Red","harum atque quis commodi suscipit tempora.","UGHN3JCHSTXS9JN2W","Hyundai","Elantra","2002","Aquamarine","8265"
"127526595621","Clarence","Murphy","ScottRoberts@Jabbersphere.com","5781 Gina Plaza","","Belvedere","OH","6946480","Blue","alias alias non alias.","1N5NPN7DUXM41KYJG","Ford","F-150","2003","Pink","13402"
"131123420822","Antonio","Welch","quae@Babbleopia.biz","7525 Chinook Pass","","Mission Viejo","PA","2956271","Blue","et reprehenderit vitae in incidunt eius sint.","T6ATEX4BAL3YTLNED","Dodge","Charger","2019","Violet","15205"
"513073471623","Eric","Collins","pHunt@Voomm.biz","2612 Loeprich Road","","Rocklin","UT","5704937","Puce","porro dignissimos quis in nemo.","MWWFFC36U9CNM7C9T","Ram","3500","2007","Mauv","8197"
"111352012524","Daniel","Garza","yHamilton@Twitternation.org","1172 Spaight Road","","Sacramento","NC","2101373","Maroon","consequatur enim earum ab quibusdam enim occaecati.","7KH0PPNPUAU2LYDJS","Volkswagen","Tiguan","1994","Purple","22564"
"800038837825","Jerry","Bennett","distinctio_consequuntur@Eimbee.mil","8153 Huxley Junction","","Colfax","OK","0767464","Mauv","vel porro ducimus quam sint rerum aut illo debitis illo.","HJXBR1TUFMX4T9YEC","Buick","LaCrosse","1997","Pink","28253"
"998449204526","Karen","Brown","vBowman@Babblestorm.mil","419 Aberg Junction","","Isleton","OH","0633041","Purple","aliquid adipisci et voluptas ipsa dolores dolorem!","6KC6HFE9VGXGP8AV2","Cadillac","CTS","2014","Violet","19827"
"288748432127","Lori","Mitchell","6Green@Roodel.com","1015 Darwin Court","","Live Oak","MD","9309980","Goldenrod","labore cum facere suscipit expedita soluta sequi.","EAWEXD4J7N5RY6SLV","Mazda","CX-5","2017","Yellow","25201"
"123783393928","Michael","Allen","JeffreyBaker@Jaloo.com","5603 Schlimgen Drive","","Auburn","NE","9779863","Teal","sint natus quos incidunt.","YH3AS53C98JMF4Z82","Lincoln","MKC","2000","Mauv","14650"
"400674433029","Nicole","Patterson","molestias_at_similique@Twitterworks.gov","4960 Rigney Pass","","South San Francisco","DE","3152402","Orange","quidem porro vel incidunt dolores molestiae.","BGCE7XCVR69JBDP1T","Kia","Sportage","2020","Aquamarine","19900"
"106693677530","Ernest","Cooper","gFreeman@Zava.org","9877 Declaration Road","","San Juan Bautista","AZ","2981456","Yellow","fugiat laudantium doloribus dignissimos facere magni impedit nesciunt.","W7P93GK6H0SUCKTBM","Volkswagen","Tiguan","2018","Aquamarine","30349"
"987593229631","Eugene","Lopez","fThomas@Thoughtstorm.net","5087 Jackson Avenue","","Hanford","WY","4833463","Aquamarine","itaque laudantium velit vel ipsa.","K912E9X786P6Z08GW","Audi","Q3","2015","Yellow","34105"
"672276376832","Sandra","Daniels","2Jones@Rhybox.edu","3412 Kinsman Way","","Santa Monica","CO","0553536","Aquamarine","atque vero repudiandae.","HMFTSHSFF82GZN3UX","Nissan","LEAF","2015","Goldenrod","30822"
"367303376133","Rose","Jackson","deserunt_tempora@Meezzy.com","7101 Cody Way","","Poway","AL","7429751","Mauv","omnis inventore molestias quod veritatis necessitatibus.","UD3N7YR1SK738ETJL","Chevrolet","Sonic","2017","Indigo","33636"
"151956158334","Brian","Snyder","JudithHanson@Rhycero.name","1661 Straubel Trail","","Brawley","GA","0506323","Pink","unde laboriosam pariatur animi.","APHD7AXW93YJDAUCW","Volvo","S90","2015","Orange","29236"
"893183287635","Diane","Perkins","facilis@Brightbean.net","9876 Dawn Point","","Lodi","ND","6805565","Goldenrod","eius veniam labore omnis molestiae facere velit iure.","PGHREGK1XR9K4VNU7","Mercedes-Benz","E-Class","2005","Yellow","29365"
"653157876236","Raymond","Cox","labore_dicta_delectus@Skyba.net","4658 Memorial Road","","Bell","GA","1481115","Yellow","doloribus animi officiis omnis omnis.","E7HZFL413SG4878T0","Audi","Q7","1994","Mauv","33326"
"151426044937","Karen","Rodriguez","quia_fuga_a@Blogtag.info","9645 Erie Junction","","La Habra Heights","ID","5784205","Crimson","laborum nemo velit amet.","ZBXP6UDXBKAK70NDG","GMC","Canyon","2019","Goldenrod","32439"
"948538572038","Catherine","Morales","MarkGreene@Layo.gov","8609 Daystar Drive","","Ione","OH","7005231","Indigo","magni occaecati eos sit occaecati eius facere molestias necessitatibus.","YHGATATNRHG8P3BSK","Volkswagen","Passat","2009","Teal","32113"
"584506554439","Sarah","Murray","sit_dolores_quas@Wikivu.name","9316 Graedel Place","","Garden Grove","WA","4361413","Puce","similique dolores quia ipsa.","KH6UTC5T12ZJ82RMW","Audi","A8","2017","Yellow","31123"
"085076269740","Julie","Graham","hRoss@Rhynoodle.net","9206 Blaine Alley","","Simi Valley","WA","4295858","Yellow","adipisci quis corrupti eveniet ipsa quasi laboriosam.","EVW6M19ZNXH20J6P2","Ram","3500","2004","Green","13700"
"651413901241","Wayne","Jordan","RobertColeman@Flashset.gov","4164 Mandrake Hill","","Escalon","OR","9224903","Indigo","eaque assumenda et.","AN386XVA97JYRJ26W","Volvo","XC40","2011","Fuscia","22172"
"069080958342","Billy","Robertson","5Roberts@Realpoint.com","7180 Schurz Terrace","","Angels Camp","NJ","2763463","Fuscia","qui provident quod laborum sunt odit!","LZLH1S30VG6YC5H4K","BMW","X4","2002","Puce","28900"
"434055439743","Patricia","Morgan","GregoryRice@Eazzy.info","3368 Meadow Vale Court","","Clayton","FL","0700100","Yellow","enim voluptatem culpa necessitatibus dolor.","8NP7ALEU27A4ZS558","GMC","Terrain","2017","Blue","22764"
"644091260544","Heather","Porter","lNelson@Roombo.mil","979 Fremont Lane","","Hermosa Beach","AR","5674894","Blue","aliquid nulla voluptas laborum.","6ZL3FGG9359TJP0M6","Ford","Fiesta","2018","Puce","11952"
"481646561845","Howard","West","1Elliott@Latz.org","5817 Sloan Hill","","Redwood City","KY","7494977","Crimson","alias in rerum provident.","UBJSB3TMXDCR2HV58","BMW","X4","1993","Teal","15813"
"810415066046","Susan","Davis","aSpencer@Leexo.edu","268 Trailsway Lane","","Redondo Beach","UT","7988159","Turquoise","sint aliquid et ipsum error optio.","JVUSGE2R96VHTDYRF","BMW","X3","2010","Pink","18128"
"790121609047","Matthew","Garza","qFerguson@Topdrive.biz","4944 Katie Way","","San Anselmo","HI","6183519","Violet","harum consequatur recusandae reiciendis qui quia quo facere et.","9PEGTSN4S4MASAGBN","BMW","X5","1999","Teal","23993"
"649790578448","Shirley","Ray","EmilyChapman@Eadel.info","4538 Anderson Drive","","Moraga","SC","2559305","Goldenrod","eius quia modi quisquam debitis.","LMN2LTNK72AL2AVLP","Mazda","CX-3","2006","Crimson","25062"
"439127699949","Susan","Lee","JoyceMartinez@Feednation.net","936 Loftsgordon Center","","Lodi","PA","0217359","Turquoise","et mollitia omnis id ut.","XUKGT5XUZFSNV852P","Kia","Rio","2019","Maroon","17428"
"501435895350","Christopher","Williams","BenjaminMontgomery@Livepath.org","4483 Dahle Drive","","Riverbank","NC","9227552","Maroon","non veritatis id quisquam natus ipsa veniam quaerat.","4YLDB87SXMA54K3Z6","Toyota","Prius","2021","Green","15339"
"511413086351","Christina","Baker","HaroldLee@Thoughtbridge.edu","2972 Weeping Birch Way","","Tehachapi","KS","5214656","Red","et cupiditate eaque harum veniam ab.","7BV5XM29VE8TCHP7W","Honda","Odyssey","2003","Aquamarine","11746"
"014522996952","Janet","Morrison","cumque_et_aliquid@Zoonder.org","7173 Comanche Plaza","","Sebastopol","GA","5003038","Puce","aliquam voluptate sunt accusantium consequatur!","FZL5WGZ3CSJRMAHVH","Tesla","Model S","2003","Puce","10303"
"839108666253","Frances","Adams","StephanieJacobs@Dynava.edu","9406 Hazelcrest Court","","Truckee","KS","6322871","Red","ex eaque veritatis cum excepturi iure porro.","WVJXBS18EX50C1ZXU","Toyota","Tacoma","2008","Indigo","25818"
"007521469654","Tammy","Chavez","lSanchez@Meemm.com","7135 Atwood Alley","","Fairfax","AR","7636722","Mauv","non ea debitis doloribus possimus enim nihil!","8YV7XRAW59B5NXCXK","Volvo","V90","2010","Puce","30453"
"372696613955","Clarence","Davis","8Spencer@Lazzy.biz","9077 Grayhawk Circle","","Lakewood","SD","9573635","Violet","omnis et rerum eveniet omnis.","Z44YF2YETZU6MZLK9","Lincoln","MKX","2006","Orange","17216"
"492570789656","Clarence","Fernandez","AngelaHolmes@Divape.name","7372 Grover Park","","Parlier","TN","4623917","Fuscia","est voluptatem sapiente fugit quia.","52MLF4NH7X98PB0LH","Chrysler","200","1994","Teal","26021"
"118820947657","Earl","Ryan","StevenMoreno@Flashpoint.com","5294 Del Mar Alley","","Firebaugh","PA","1232087","Aquamarine","laudantium nemo velit expedita ipsum nam.","A7B9HURFMTNVGY3NL","Hyundai","Ioniq","2003","Aquamarine","8041"
"261335034558","Barbara","Mccoy","explicabo@Npath.edu","3159 Eagan Avenue","","Holtville","SC","3004719","Goldenrod","dolores tempore repellendus autem.","4PSPMYJS4WM4TJN4C","Hyundai","Santa Fe","1997","Violet","13460"
"648200728859","Lori","Hayes","vMoreno@Zoonder.biz","6397 Rowland Court","","Tehachapi","AZ","6867451","Aquamarine","recusandae accusantium quam.","72W81LKPZ063HRK1X","Nissan","Altima","2018","Aquamarine","16383"
"443990694160","Samuel","Mcdonald","bMorales@Jaloo.gov","1015 Kropf Park","","Pacific Grove","IL","4701395","Pink","ut voluptatum et et eum commodi.","BRUPNYVAG8M9ZTB1E","Ram","1500","2023","Mauv","21176"
"818328706661","Lillian","Lynch","FredWard@Dabtype.edu","5699 Norway Maple Avenue","","Atherton","AZ","5135079","Teal","quis dolorem itaque iste voluptas!","2CEJD75UAH9934SC0","Toyota","Sequoia","2018","Indigo","21812"
"277352038062","Janet","Scott","wFields@Topdrive.edu","5163 Waywood Point","","Cypress","KY","4469586","Mauv","vitae culpa molestiae odit maxime molestiae eum.","1FTEJ4NC7J02NUP6D","Volvo","V90","2007","Teal","13078"
"334296336263","Edward","Flores","PaulaBurns@Dynabox.net","4469 Continental Lane","","Culver City","KS","8914273","Mauv","autem qui eveniet harum.","NBSM82GWW4MEYZX7E","GMC","Terrain","2017","Puce","12225"
"766781406964","Willie","Black","kSimmons@Twinte.net","9114 Hazelcrest Lane","","Rio Dell","DE","1809941","Yellow","fugiat quaerat sint sint quos ea.","P0ANGM0Y30AK2CX1W","Dodge","Journey","2021","Yellow","13478"
"415260873965","Joe","Kennedy","eGarcia@Livefish.com","3385 Green Ridge Lane","","Azusa","CA","4307418","Teal","voluptatum eaque omnis iste qui.","YX0T1J1TVUUZW4GT0","Toyota","Yaris","2012","Mauv","7774"
"922446951866","Margaret","Gray","enim_rerum_ab@Realpoint.com","4316 Debs Junction","","Lakewood","NY","4698247","Mauv","quaerat vitae facilis et ducimus!","TKRNRPCSPHC01FD6F","Lincoln","MKT","2014","Orange","17757"
"120639709567","Thomas","Robertson","LawrenceAndrews@Thoughtbeat.org","7034 Kropf Court","","San Clemente","ID","1624169","Red","repudiandae animi voluptas ut deleniti.","R6MHNC2EKGZ8ZNZ6P","Audi","A6","2013","Puce","22752"
"234649812668","Frank","Kim","2Roberts@Eazzy.info","1529 Transport Avenue","","Barstow","AL","1689050","Orange","itaque quam sit qui labore sit laborum voluptatem.","4ZX8LT0HRG17CMHHM","Mercedes-Benz","GLE","2020","Red","30847"
"724106622369","Paul","Harris","9Thompson@Gigazoom.net","8799 Quincy Parkway","","San Marcos","RI","7079073","Violet","cupiditate est consequatur eos.","097NS19CPZ8SU11T4","Nissan","Frontier","1996","Crimson","7730"
"970613395270","Rebecca","Robinson","nCarr@Oyoba.net","7995 Hanover Avenue","","Dos Palos","MT","6207985","Aquamarine","consequatur quos soluta pariatur in quos modi quo recusandae.","DFF4C21L4NEBJ3XAW","Ram","1500","1996","Green","8489"
"898107235571","Stephen","Griffin","hBurton@Voonte.com","474 Straubel Crossing","","Newman","WA","1492959","Purple","ut sit sapiente quae facilis.","R8UESWB88SZ89P9GS","Audi","A8","1996","Violet","13225"
"779725403572","Virginia","Morales","dBishop@InnoZ.info","4400 Merrick Drive","","Bellflower","WI","0605618","Turquoise","hic dolorum rerum necessitatibus et voluptatem.","Y96UEFLW825ULXTJ7","Buick","Encore","2021","Teal","25776"
"218757748973","Elizabeth","Graham","LouiseMartin@Meeveo.info","2155 Canary Place","","Isleton","DE","5990179","Purple","saepe temporibus placeat ad facere.","ZVA767ZDP140XDFKF","Hyundai","Veloster","1999","Teal","6702"
"741999046074","Steven","Weaver","id@Kayveo.mil","3578 Linden Road","","Bishop","IL","7402289","Red","illo voluptatem aut.","M3RN4T05L8CRZ9YCA","Cadillac","XT4","2001","Red","27588"
"727560341175","Douglas","Banks","kHolmes@Youopia.name","8730 Bobwhite Plaza","","Greenfield","KY","5998204","Red","id occaecati labore culpa ducimus voluptatem qui expedita.","T78WJUXJ31SGLH45G","Hyundai","Tucson","2021","Orange","9836"
"223566859276","Joan","Chavez","7Graham@Tagfeed.name","5389 Pawling Parkway","","Portola Valley","MI","9770622","Green","repellendus tenetur non culpa incidunt laboriosam ducimus facilis.","2VKEW57YHFERC9JWH","Honda","Odyssey","2016","Teal","33706"
"889576122077","Scott","Knight","eos_itaque@Zava.info","9124 Monument Terrace","","Bell","NY","9074562","Maroon","tempore eveniet distinctio aut et fugiat.","C3VD4761DKBXVXMG4","Toyota","4Runner","2018","Aquamarine","29197"
"799699380578","Louis","Powell","dolores_eum@Photospace.info","3710 Mitchell Road","","Atherton","SC","1387437","Fuscia","tenetur quis deserunt quod qui reiciendis et et quia.","HDTWWA09LHP7044HS","Tesla","Model 3","2015","Goldenrod","8489"
"264627828579","Lawrence","Richards","sMason@Twiyo.net","7145 Texas Road","","Seal Beach","NH","9345471","Maroon","nesciunt ullam est fugiat dolor ut consectetur rerum rerum atque voluptatem.","DX2WZE8E0LEJ3CKC6","Jeep","Renegade","2008","Goldenrod","33611"
"477085312280","Donna","Shaw","SteveRamirez@Divanoodle.name","3821 Warrior Lane","","Riverbank","WY","6896583","Violet","inventore omnis neque!","JCH4RLVVU9ARNXWSY","Hyundai","Accent","2009","Yellow","20985"
"556557263881","Sarah","Morris","omnis_corporis@Quire.gov","3864 Scofield Way","","San Gabriel","RI","8547957","Crimson","error optio nostrum et ea numquam porro.","N2SSLUD7A7NJXEZE1","Buick","LaCrosse","2009","Puce","14787"
"932300658382","Cynthia","Barnes","kNelson@Wordtune.net","6534 Forest Crossing","","Rolling Hills","MI","2254178","Maroon","suscipit voluptas repellat eligendi voluptate nulla itaque.","J4JERARAWZLTTZT0W","Honda","Civic","2013","Violet","10672"
"913858221483","Christopher","Hudson","qui_assumenda@Livefish.net","9755 Cherokee Place","","Santa Ana","MN","4369405","Puce","recusandae minima saepe quam officia omnis ipsa incidunt quo accusamus.","7NDUMZ4XEU38YYHLZ","Ford","F-150","2020","Pink","16555"
"001361998484","Victor","Willis","AlanStewart@Fivebridge.com","50 Larry Plaza","","Lafayette","KY","0631508","Red","et iste exercitationem beatae sunt.","U67GMB381XM7U7GKU","Dodge","Durango","2009","Turquoise","6760"
"701525889285","Angela","Morgan","eFlores@Ozu.gov","1353 Northwestern Circle","","Rohnert Park","ND","7538594","Teal","omnis eius earum asperiores.","HULZ3XTTJ9T5KFADS","Ford","Edge","2007","Teal","33865"
"947640254386","Ryan","Anderson","GaryNichols@Realcube.net","9339 Hooker Point","","Chowchilla","DE","0920438","Turquoise","ab dolor voluptates sed in suscipit.","A2U1VLJ4DVLW1026D","Lincoln","MKX","1993","Yellow","9153"
"774961677187","Nicole","Jordan","4Sims@Blogtag.edu","1120 Hollow Ridge Junction","","Woodside","MT","0268197","Fuscia","voluptatibus ut reiciendis et.","CTAJLK507A3AMEB1F","Tesla","Model X","1994","Goldenrod","29976"
"691869323188","Helen","Ray","BettyArmstrong@Yadel.edu","8960 Morning Road","","Porterville","KS","2973772","Mauv","voluptate ipsam molestias soluta.","ND8E2HVG72A55J294","Chrysler","300","2018","Pink","19557"
"992810057389","Cheryl","Wagner","AdamLong@Voolia.mil","7589 Kingsford Place","","Belvedere","OK","4667847","Goldenrod","provident doloribus sunt incidunt atque omnis.","XJ6CRFN73NBGPA0DA","Dodge","Charger","2023","Pink","16292"
"427193637790","Phillip","Bryant","4Porter@Izio.com","6770 Village Circle","","Fremont","OK","3441521","Purple","et quo laborum quos commodi iusto aut pariatur.","RN6J80EJPUF2M8KB8","Audi","A7","2019","Teal","18736"
"042106123291","Gerald","Gonzales","kGarrett@Avaveo.org","352 Schiller Court","","Montclair","WY","8660920","Yellow","quia consectetur tenetur id qui.","AV9ZHN6VMKDZN9FT8","Ford","F-150","2012","Indigo","10905"
"052253428992","Marie","Perry","kHawkins@Miboo.edu","1483 International Road","","San Rafael","NH","2431417","Mauv","beatae quibusdam officiis occaecati et modi a.","6K9WDA4KN1DF1HZKB","Jeep","Cherokee","1999","Green","7059"
"542128311693","Kimberly","Stevens","LauraCarroll@BlogXS.info","6692 Rusk Park","","Piedmont","GA","1129724","Blue","quasi aspernatur consequuntur culpa nam.","TZZSPKYU3WB1JWPLA","Buick","Enclave","2006","Blue","14383"
"263635918394","Timothy","Garcia","sed@Avaveo.name","4988 3rd Avenue","","Martinez","CO","2086358","Purple","nihil dolor voluptate incidunt est.","PWRANM8126HLB6X98","Honda","Civic","2003","Teal","11421"
"557675913695","Clarence","Lane","7Harris@Edgeblab.org","346 Lindbergh Lane","","Corning","MT","2526279","Yellow","nesciunt molestiae optio quasi voluptate ut voluptatem sed.","9UA322CS6ZL6538SY","Hyundai","Tucson","2006","Khaki","8643"
"746127250996","Jeremy","West","cum_commodi_enim@Devpoint.gov","1583 Mayer Circle","","Vernon","PA","0848292","Aquamarine","nisi consequatur possimus quo et ab in.","V727PDRBD11YW478F","Mercedes-Benz","GLA","2002","Maroon","21856"
"952111569897","Nicole","Reyes","sint_est_porro@Mybuzz.gov","1110 Veith Park","","Imperial Beach","GA","7145014","Maroon","nostrum repudiandae id temporibus.","PFT8NTUN35YUBR4AU","Cadillac","CTS","2020","Mauv","33895"
"737208953798","Kathleen","West","sed@Photobean.mil","639 Lerdahl Hill","","Avenal","MA","9738596","Khaki","eveniet modi et quod minus.","RGC0BAGSR1M6L6DK5","Cadillac","XT5","2006","Blue","25085"
"968003881599","David","Sims","NicoleDaniels@Camimbo.gov","2681 Red Cloud Park","","Santa Monica","NH","7287982","Red","accusamus ducimus qui.","T642V8PUU63XWAZBK","Nissan","Kicks","2015","Maroon","15812"
"1691378336100","Andrea","Perkins","animi@Oyoyo.name","2384 Eagle Crest Circle","","Palos Verdes Estates","OK","0380151","Teal","voluptatem qui officia sapiente.","681FZUDT7HC1VV3CJ","Toyota","RAV4","2002","Fuscia","11150"
"4828051036101","Ryan","Ferguson","RoyHarper@Yodoo.biz","8576 Blackbird Lane","","Desert Hot Springs","TN","9727571","Aquamarine","eius aut voluptas accusamus.","U8NVNE4HDXX0Y471H","Tesla","Model S","2007","Goldenrod","7634"
"9548090410102","Christina","Graham","dPhillips@Skidoo.biz","483 Sunbrook Junction","","Citrus Heights","MA","0327651","Green","quibusdam rerum enim quos rerum neque.","5RAHMWD66L9U5UGAB","Chrysler","300","1993","Crimson","28077"
"9687176465103","Brian","Robinson","EvelynRobinson@Skippad.biz","7516 Springview Road","","Twentynine Palms","WY","0229904","Indigo","et est neque harum nulla consectetur id adipisci consequatur excepturi rerum!","D99C962R0JFAKMWTM","BMW","3 Series","2023","Khaki","8415"
"4113283166104","Beverly","Watson","gHolmes@Edgeify.biz","8838 Norway Maple Court","","Yreka","AZ","9141758","Blue","perferendis itaque quas possimus aliquid adipisci fugiat.","KNUUF57WD0YGTDZ1N","Dodge","Dart","2017","Fuscia","25219"
"6475232630105","Timothy","Elliott","JoeDavis@Bubblemix.name","3125 Vera Avenue","","Taft","LA","4954595","Orange","sit qui dolorum molestiae.","PY52K7NZ2RSSKEF45","GMC","Canyon","2005","Crimson","23083"
"8674328831106","Maria","Shaw","mDavis@Ooba.net","8976 Glendale Center","","Woodlake","AL","4720696","Turquoise","placeat sunt consequatur impedit molestiae minus.","NB4YWLCEFS7X6AUFA","BMW","7 Series","2002","Khaki","15120"
"5186792581107","Paul","Jones","KathyPierce@Fivespan.gov","6489 Brickson Park Pass","","Chino","ID","0895254","Turquoise","saepe beatae distinctio error quia magni.","EPMKLXWGREFSGPP6W","Hyundai","Santa Fe","2013","Puce","20252"
"1424452317108","Anna","Sanders","AnneHamilton@Lazzy.biz","8731 Marquette Pass","","Los Angeles","NY","4835170","Turquoise","quasi eius rem id placeat illum occaecati.","AP7HAFDDMGPKPDESG","Chrysler","300","2020","Green","9162"
"7685729842109","Wanda","Dunn","FrankBaker@Eabox.mil","6684 Lyons Junction","","Garden Grove","MN","8962881","Blue","adipisci consequatur maiores recusandae et.","BBRUH7HKNRRTPU3WA","Mercedes-Benz","GLS","2003","Blue","14015"
"1112983019110","Bruce","Day","vitae_non_praesentium@Kayveo.org","2218 Bashford Junction","","Rio Vista","OR","5140603","Red","aliquam magni eum ad!","F6E1212XSMU883608","Dodge","Journey","1993","Violet","15168"
"4770157941111","Theresa","Kennedy","DebraTorres@Avamba.mil","2 Bartelt Circle","","Simi Valley","WV","3590876","Red","et nisi fugiat beatae blanditiis voluptates quia.","9W290KBR9SC3D77FX","Chrysler","Pacifica","2001","Aquamarine","26787"
"7118286267112","Matthew","Stewart","tScott@Wikizz.info","6825 Westerfield Drive","","Riverbank","CT","7101457","Violet","quae quasi quidem saepe.","4ZT1044LWF0WCVX5J","Mercedes-Benz","E-Class","2008","Mauv","30493"
"2352051346113","Rebecca","Daniels","repudiandae@Avavee.info","4265 Eagle Crest Drive","","San Pablo","ID","1669337","Yellow","saepe optio rerum id veritatis eos voluptate consequatur!","CNPU01ENTS66BEVXY","Mazda","MX-5 Miata","1999","Turquoise","33473"
"6031880128114","Anthony","Anderson","et_ea_dolorem@Blognation.edu","157 Paget Way","","Chico","PA","6365577","Puce","reprehenderit dolores esse itaque et maiores quo voluptatibus ratione nisi.","F5RSE5LR72FF9G095","Dodge","Charger","2023","Green","13720"
"3328846865115","Ryan","Stevens","minus_aut_et@Bluezoom.edu","7061 Elmside Hill","","Hesperia","MT","9566572","Puce","nihil iste a eligendi quam quo qui eos.","YT6571T2TH8U60U22","Honda","Crosstour","2015","Blue","8076"
"5144671430116","Norma","Long","rRichardson@Quire.net","9396 Rusk Court","","Redondo Beach","MD","2515147","Goldenrod","quidem consequatur maiores.","RVXYC5903W1NYL9MC","Volkswagen","Tiguan","1993","Crimson","27492"
"3601708259117","Julie","Reid","placeat_id_et@Rhycero.edu","2371 Eastlawn Street","","Duarte","NC","5684831","Khaki","quo natus esse similique eius.","U4V98NEZM622VP2VA","Mazda","Mazda6","2023","Teal","8265"
"2835339321118","Anna","Ellis","eum_nobis_similique@Linklinks.com","3693 Clarendon Pass","","La Puente","CT","4072614","Indigo","illum praesentium nesciunt placeat.","W8VJ8CRNB7E2JUSNA","Ram","3500","2017","Purple","11753"
"4951175471119","Gloria","Powell","JustinFord@Realbuzz.info","6845 Bashford Road","","Rolling Hills Estates","ID","8558338","Mauv","rerum saepe ea commodi hic alias.","TXCZ9308YST4PN359","Hyundai","Sonata","2013","Crimson","30320"
"1070092339120","Patrick","Morris","id_non_maxime@Gigaclub.mil","61 Riverside Avenue","","Willits","MA","7805309","Maroon","asperiores quasi et.","NP68UPF12C52ZEYDM","Volvo","XC60","2011","Khaki","27643"
"8284971973121","Christine","Johnston","qMeyer@Trilia.edu","1811 Briar Crest Parkway","","Livingston","NC","6019980","Mauv","sunt totam assumenda nulla odio.","KLKTFZ0D0ZN3NXPPZ","Lincoln","MKC","2016","Green","14167"
"3931230938122","Larry","Scott","molestias_nesciunt_pariatur@Realcube.info","3510 Havey Pass","","Huntington Park","CA","8621940","Maroon","laborum nisi dolor fugit eum.","A2EDG2MGYP7MEDDXJ","Mercedes-Benz","GLE","1997","Yellow","11396"
"8735397728123","Pamela","Patterson","0Hill@Zava.com","7831 Westerfield Way","","Encinitas","IL","5990928","Crimson","porro temporibus facere aliquid.","7G1N9122895E6DEMG","Buick","Encore","2004","Goldenrod","29554"
"7141306441124","Willie","Stephens","nAndrews@Yamia.mil","5002 Lerdahl Alley","","West Sacramento","AK","6139644","Aquamarine","recusandae provident nulla mollitia consequatur.","JX49DCFNXZH7KZ33J","GMC","Sierra","2010","Green","31086"
"2060194728125","Antonio","Price","zRoberts@Oyope.org","8233 Mallory Place","","Coalinga","GA","9718857","Violet","eveniet natus dolorem incidunt molestiae in quo!","46ECRGGMYCWZH3C9T","Toyota","Highlander","2000","Orange","24917"
"8878669006126","Albert","Hill","tWillis@Devshare.name","9473 Garrison Place","","Rialto","AR","4510678","Puce","soluta nisi excepturi ullam quia.","5WCMSNFUNKGWEPMZG","Volkswagen","GTI","2021","Mauv","22919"
"1508772584127","Mary","Gonzalez","eligendi@Gabspot.net","7285 Kinsman Parkway","","Dana Point","ND","4325198","Green","et voluptatem rem aut velit eum ab nulla ratione.","T421VX9RT72NL03BS","Dodge","Durango","2015","Fuscia","26049"
"6238474056128","Jeffrey","Hill","AnthonyGeorge@Fiveclub.org","9374 Morrow Trail","","Daly City","MO","1871831","Khaki","sunt autem molestiae sit sunt non facere et.","3T2CVUK6VD546BE5G","Chrysler","200","2016","Teal","22001"
"2188058353129","Kathryn","Robinson","4Dixon@Lazz.gov","50 Sunfield Drive","","Paramount","MN","3822855","Green","qui ut neque quidem voluptate.","PAURSZEHEVXJZYT75","Hyundai","Azera","2014","Green","25411"
"7943781171130","Andrea","Harris","alias@Demimbu.biz","6085 Anniversary Circle","","Portola Valley","DE","4524564","Violet","exercitationem omnis deserunt error veniam explicabo quisquam.","FZGPC4SUH7053SLC5","Hyundai","Sonata","1993","Orange","24205"
"7858323515131","Annie","Franklin","labore_laboriosam@Zoovu.edu","3562 Fairfield Lane","","Point Arena","KY","0160320","Fuscia","et assumenda et magnam.","5RHCMKX9K1HXZ53T1","Kia","Soul","1998","Yellow","6807"
"8921336742132","Ryan","Hicks","JerryEdwards@Realcube.org","9435 Banding Lane","","Santa Fe Springs","NH","3834081","Green","est delectus expedita voluptatem iste.","29L3BS1UB2DTJEN65","Lincoln","Navigator","2016","Maroon","22192"
"3245392502133","Kimberly","Sanders","corrupti_adipisci@Lajo.info","346 Hudson Crossing","","San Clemente","NV","1060784","Violet","aliquam optio tempora sed.","FFLE1JW21WYGWGM79","Buick","LaCrosse","2007","Fuscia","7154"
"9454492279134","Nicole","Moore","JuanWillis@Divavu.org","1907 Kings Court","","Merced","OK","4850603","Mauv","itaque ipsum praesentium expedita omnis.","NL512Y25PR7J32W80","GMC","Canyon","2010","Teal","8254"
"9595109555135","Ernest","Shaw","5Carroll@Twitterbridge.com","6605 Buell Circle","","Perris","GA","6230527","Teal","consequatur autem excepturi quaerat suscipit et.","E09YTG165MCZ6WN82","Toyota","Tundra","2002","Teal","14645"
"8859980963136","Martin","Brown","culpa_sint@Brainbox.net","4309 Clove Terrace","","Antioch","SC","7555053","Turquoise","nihil fuga aut id.","U1LJ3JUER0L2UJ98F","Hyundai","Elantra","2012","Goldenrod","25055"
"1831708150137","Patrick","Cunningham","pRamirez@Twitterworks.mil","7732 Sommers Parkway","","Rocklin","KS","7247802","Violet","est voluptatum ut.","PDFRRS25JG7LZPJLE","Ford","F-150","1997","Puce","23168"
"4073584099138","Adam","Powell","mRiley@Demizz.gov","639 Londonderry Crossing","","Milpitas","HI","9661948","Blue","earum quae temporibus voluptas tempore.","W0ZL925AM4LUM0M18","Volkswagen","Jetta","1997","Crimson","12555"
"4793318883139","Gerald","Harper","est@Dynabox.org","7973 Kipling Terrace","","Hawaiian Gardens","OR","7761355","Crimson","dolores labore consequatur nemo.","JXDLVL8EHSP0MRWGZ","Volkswagen","Jetta","2014","Turquoise","8226"
"1395381135140","Sara","Barnes","hKing@Skiba.gov","3703 Twin Pines Terrace","","Laguna Beach","IN","1432685","Crimson","beatae quo possimus alias ut ad sed sint.","VD0L6LKG5BEXUG1E4","Chevrolet","Tahoe","2021","Teal","12647"
"5639064246141","Howard","Campbell","ChristopherKelley@Feedmix.info","4724 Farmco Street","","South Pasadena","KS","8125541","Violet","qui est explicabo dolores fugiat eum.","WV2GZEDNV9F01HYML","Mercedes-Benz","C-Class","2004","Maroon","15275"
"6801037715142","Michelle","Ross","optio@Feedbug.org","9949 Graedel Terrace","","Hercules","GA","7062885","Khaki","natus et error quae qui quisquam!","D3VP5M77M07YTWPK0","Volkswagen","Jetta","2008","Fuscia","10537"
"6998041870143","Robin","Thomas","beatae_quibusdam@Meezzy.gov","8538 Waubesa Trail","","Rialto","IL","9920351","Blue","dolor omnis minus dicta.","6PXWYWYVZM7M1ZPWA","Chevrolet","Suburban","2018","Teal","23332"
"6798367160144","Cheryl","Cole","ThomasHarvey@Jetpulse.mil","7305 Hoepker Alley","","Atascadero","KS","6900671","Teal","delectus facere consequatur aliquid.","CVRCFKMSVTRXU64R2","Audi","A7","2011","Indigo","30179"
"6659052440145","Terry","Elliott","hWells@Feedfire.info","6069 Barby Plaza","","Eureka","RI","6614026","Red","odit adipisci quas ut ipsam quia.","X5Z9KT4MDN9BT20RV","Cadillac","ATS","2008","Khaki","19159"
"1480108094146","Mark","Walker","quae@Tazz.com","1383 Warbler Avenue","","Indian Wells","MT","0585913","Khaki","tempore voluptatibus iusto eum nam in.","AST1DFF73XS4ZAYZF","Honda","Pilot","2014","Aquamarine","18345"
"7496553593147","Rose","Hansen","sShaw@Browsebug.mil","8235 Caliangt Way","","Daly City","LA","8150280","Red","dolorem et nobis temporibus amet.","H5EDUJCA4SSBVR5FW","Tesla","Model X","2003","Goldenrod","9277"
"4489640781148","Steve","Mendoza","eum_dolore_eligendi@Vinte.gov","3323 Thackeray Street","","Holtville","ME","9648738","Green","eaque quisquam dolorem veniam.","SXJ2UNXZWS3L8ZYX8","Jeep","Renegade","2000","Aquamarine","28352"
"9943452584149","Steve","Jacobs","maiores_quia@Avavee.com","6508 Fisk Center","","Davis","UT","2482974","Aquamarine","sed nemo quisquam quis voluptas vel.","Z9E7JHWUW0HHTWXJE","Volvo","S60","1997","Fuscia","28855"
"5367517651150","Aaron","Stewart","delectus_et@Twinte.gov","9104 Oak Drive","","City of Commerce","HI","6668276","Turquoise","ducimus ducimus facilis sapiente aut.","76XRR4336JVJPEHLG","Jeep","Grand Cherokee","2000","Aquamarine","22934"
"0100719181151","Dorothy","Chavez","quia_alias_in@Katz.org","1773 Tomscot Hill","","Ross","NM","9498783","Crimson","totam qui ad deleniti.","8CFNVH31USZ70W4GX","Hyundai","Accent","2007","Goldenrod","11070"
"0244471527152","Philip","Lopez","BrendaRobertson@Dabfeed.gov","2591 Petterle Hill","","La Mirada","HI","3899965","Red","unde in deserunt in.","HJLMWNGMM6UC1AD61","Ford","Fusion","2010","Violet","14244"
"1669004952153","Margaret","Martin","ut_hic_doloremque@Thoughtsphere.gov","7995 Green Plaza","","Maywood","MA","7400267","Blue","exercitationem ipsum dolorum optio aut harum quisquam voluptatibus.","0PDXL7EEPGZVYLKCF","Nissan","Versa","1999","Green","20118"
"2774413523154","Judy","Rice","kKim@Flashset.info","7549 Pine View Trail","","Lynwood","MO","0324085","Mauv","incidunt reprehenderit repellendus ducimus ad distinctio voluptatum.","B8S0D1C1P801BSSHH","Chevrolet","Impala","2011","Blue","6999"
"9521904066155","Martin","Riley","deserunt@Avamm.name","6060 Barnett Street","","Camarillo","MO","2473256","Goldenrod","tempora recusandae quam nemo eveniet.","RRKDLEVT2XNMET6U8","Ram","2500","2018","Maroon","26270"
"6207144421156","Mildred","Harper","beatae@Feedfish.name","3498 Hermina Center","","Moorpark","NV","2294200","Green","porro et accusamus voluptate temporibus.","6NTR7JR209VM58GNA","Jeep","Compass","1998","Khaki","10735"
"4902554812157","Jason","Hall","eveniet@Yabox.gov","3162 Hayes Street","","Elk Grove","IA","4328877","Aquamarine","sint molestias quam et non at et!","C7H4ZRH5YYW78CJ7M","Audi","A4","2017","Violet","16988"
"1804361092158","Christine","Matthews","consectetur@Ntag.gov","2741 Bartillon Hill","","Highland","ME","9344336","Red","ducimus eaque dolorem perspiciatis similique et placeat ut!","SWS608HFA76AK84RN","Audi","A6","1999","Teal","18616"
"9700931379159","Carolyn","Diaz","ipsam_qui@Vipe.gov","6926 Huxley Place","","Paramount","HI","0060232","Teal","harum rerum illo tempore.","UE64690C10VUKN1M2","Lincoln","Continental","1999","Orange","13787"
"4722179569160","Jose","Lawson","pGardner@Avamm.gov","1774 Glendale Plaza","","Shafter","AK","3880092","Pink","fugit ipsum atque consectetur iste eos.","2G3YNVYALNPFXH6SS","GMC","Acadia","1995","Fuscia","19446"
"1150310987161","Ernest","Greene","consequatur_hic_velit@Fanoodle.net","2116 Tennyson Terrace","","Apple Valley","AZ","1467053","Red","odit facilis molestiae mollitia quia.","C1UTTF818GM1W41KC","Hyundai","Kona","2022","Crimson","28047"
"7127277904162","Amy","Rose","AlbertColeman@Voomm.gov","1934 Arapahoe Street","","Huntington Beach","VA","1694926","Turquoise","est impedit laudantium amet qui sequi minima.","HNDSDJVNTED0C35JB","Hyundai","Kona","2017","Goldenrod","20191"
"8878503337163","Raymond","Payne","consectetur_perspiciatis_quis@Dablist.info","5116 Mallory Parkway","","Trinidad","NV","3134609","Purple","omnis voluptates et voluptatem voluptatum architecto ipsam.","C5YLS7RUE3WLHMHJV","Lincoln","MKZ","2005","Pink","15069"
"0702317298164","Joshua","Fields","JamesReid@Kwimbee.mil","6329 Jenna Way","","Bell Gardens","IL","6610099","Goldenrod","cumque nulla ut sequi quaerat nihil et.","FB65UR6N6S41N4611","Nissan","LEAF","2013","Orange","10855"
"7540158758165","Ruby","Elliott","voluptatum_voluptatum@Edgepulse.name","6906 Bowman Park","","City of Commerce","FL","9140987","Mauv","omnis eius itaque nostrum molestiae omnis aut aut quisquam hic.","41R5P46M87NX8JTEE","Cadillac","CTS","2001","Mauv","33620"
"7939168515166","Rose","Howard","atque@Yodoo.com","5299 Northland Way","","Point Arena","RI","0036010","Purple","id nobis rerum optio voluptatum explicabo in illo voluptate ducimus.","DD4MMB0WW4YHH50K3","Ford","Expedition","2010","Teal","32006"
"6282723204167","Denise","Carter","hGreene@Abatz.mil","6781 7th Junction","","McFarland","IA","4506385","Fuscia","voluptatem ab impedit id molestias eaque ut voluptatibus aperiam quis.","8VZ1HCY5B0N20T0F2","Ram","2500","2013","Goldenrod","20187"
"6351033731168","Wanda","Chapman","sed_facere@Cogilith.com","9204 Northview Pass","","Avenal","WV","1032234","Crimson","in expedita incidunt rerum optio quas.","39C0UVDHSX8AB76EY","Audi","A6","2008","Violet","31391"
"0013526040169","Jack","Baker","HelenStanley@Wikivu.net","5202 Clemons Lane","","Point Arena","VA","5758859","Puce","consequuntur eum corporis consequatur et libero veniam magnam ipsam eum quos.","69Y9U0XCD6P54PJ5T","BMW","X4","2015","Mauv","12213"
"7235817164170","Joyce","Nguyen","JoanWells@Yakidoo.info","9622 Washington Point","","Fortuna","VT","5431371","Puce","et corrupti inventore rerum reprehenderit quis.","CNHJDEBDEWXP4Z6YX","Kia","Rio","2018","Green","34625"
"8193858970171","Bobby","Burke","doloremque_et_rerum@Jabbertype.org","4280 Daystar Alley","","Glendale","DE","5109750","Violet","quasi rerum magni ad rerum praesentium sed enim sapiente enim perspiciatis.","JLVS6G5GG3049V5MD","Volvo","XC60","2003","Red","7867"
"4039873152172","Julie","Garcia","3Sullivan@Agivu.com","7273 Sommers Avenue","","Lancaster","UT","3842355","Violet","dolores rem autem dolores voluptatem.","N83Y44YZ9MVUAHAD3","Jeep","Cherokee","2013","Mauv","31572"
"1050328229173","Bobby","Fisher","BenjaminOlson@Mynte.edu","4005 Delaware Way","","Hanford","ID","2470301","Blue","aliquid dolor sunt quo ab.","RTGGBKS4CJHMZ66SC","Volvo","XC90","2015","Orange","17178"
"6720208268174","Charles","Weaver","RichardFoster@Tagfeed.net","6978 Porter Terrace","","Merced","LA","2106371","Yellow","libero quia sed asperiores fugiat illo totam.","CABKV4MNHVE4XWX1N","Buick","Enclave","2000","Crimson","17042"
"2101785018175","Nicholas","Cox","5Edwards@Babbleset.edu","2284 Shopko Center","","Carmel-by-the-Sea","OK","5592251","Goldenrod","praesentium beatae ut aut.","BMU7WSXKJJDA93L6N","Nissan","Versa","2009","Violet","22066"
"3051219567176","Johnny","Flores","ratione_omnis_sit@Topicblab.org","8108 Del Mar Court","","Pasadena","CT","0861907","Puce","pariatur nam qui ducimus id animi voluptatem ut sit laboriosam.","RHR64JWK5CS9N1C33","GMC","Yukon","2017","Khaki","12790"
"7375581056177","Brian","Bennett","ArthurWoods@Youbridge.info","9641 Monica Circle","","Sausalito","AZ","5943713","Khaki","at provident id voluptates eaque.","YBYVSP3D9CB1K0D2J","Volkswagen","Golf","2017","Fuscia","31829"
"0566987204178","Clarence","Larson","5Clark@Zoonoodle.mil","3059 Helena Junction","","Fairfield","AZ","8753760","Orange","ipsam iste in est consequuntur.","H99NKY0LSSFU627CN","Ford","Escape","1999","Blue","11470"
"4270488617179","Maria","Owens","0Holmes@Rooxo.gov","8115 Old Gate Way","","Alturas","SD","6138054","Mauv","optio nemo est sed numquam.","B4WSNE4ENLKZ0TEW1","Volvo","S60","2011","Red","35084"
"3562792879180","Fred","Wagner","KeithPalmer@Thoughtbeat.biz","2570 Waywood Hill","","Auburn","OK","3302882","Orange","ut ab reprehenderit vel accusamus enim.","MGSJJDSW88NW48V49","Ram","1500","2007","Purple","32665"
"1777726242181","Christina","Bishop","tempore_error_eum@Meejo.com","6092 Vermont Park","","Salinas","DE","1609263","Yellow","voluptatem quisquam dolorem animi rerum saepe explicabo aut.","RY8L9FZRLA9MPE5NY","BMW","2 Series","2016","Goldenrod","32048"
"9322088875182","Janice","Martin","fWebb@Topiclounge.edu","2622 Manitowish Terrace","","Poway","FL","9670007","Goldenrod","voluptatem numquam consequuntur quae aliquam modi maxime.","L5GH8FJWCZKPR2YYZ","Nissan","Sentra","2007","Goldenrod","17547"
"9486022390183","Paula","Reed","itaque@Innotype.biz","7979 Eagan Terrace","","Highland","RI","3159259","Turquoise","eius et provident asperiores eum illo amet ipsa sunt.","5NWKPD2NDY9FWGNSB","Volkswagen","GTI","2019","Yellow","24066"
"5790695790184","Antonio","Mcdonald","PatriciaMeyer@Thoughtbeat.edu","206 Basil Alley","","Burbank","NV","9361108","Indigo","iure quia dolore facere.","4YE42A5B6SFYELD5F","Lincoln","Continental","2013","Pink","14327"
"4130546548185","Jason","Larson","SharonRice@Shuffletag.com","7672 International Point","","Gardena","NH","8062955","Green","mollitia quod in.","F0BHW5Z828Z2R6J2R","Chevrolet","Sonic","2020","Puce","33894"
"9780875507186","Elizabeth","Hanson","est_quia@Thoughtstorm.biz","9203 Harper Road","","Norwalk","CT","3347964","Green","dolorem et eius et voluptates amet tempora minima corrupti.","9YG7TSN06RRYJETFU","Mazda","CX-9","2005","Yellow","7061"
"1740066552187","Daniel","Hill","sequi_aliquid_blanditiis@Plajo.info","3333 Kipling Plaza","","Glendale","MI","5987739","Pink","iusto sed quae quos unde.","2EAVDHXWN4YC1KH2F","Volkswagen","Atlas","1995","Goldenrod","21499"
"8665034208188","Douglas","Carpenter","AmandaDuncan@Skynoodle.biz","1654 Grover Court","","San Francisco","NM","4336925","Blue","quia veniam consequatur id qui id.","GP1FW3YKED0Y9NPH6","Nissan","Rogue Sport","2008","Green","23970"
"5889400118189","Justin","Watson","ePalmer@Roodel.gov","3699 Karstens Trail","","Crescent City","SC","4659710","Pink","voluptatum recusandae illum alias distinctio aliquam rerum aut placeat!","SED03VH7VULSUU3MJ","Chevrolet","Cruze","2014","Red","35509"
"8738110600190","Roger","Graham","commodi_est_nihil@Twitternation.name","6524 Golf Drive","","Downey","SD","2788016","Purple","nihil autem earum tempora velit sint.","T5RA0N9WWB75MLP11","Dodge","Challenger","2007","Orange","30493"
"3910143905191","Walter","Jacobs","quasi@Eire.name","417 Monica Point","","Rancho Cordova","PA","2676739","Khaki","ut cumque similique.","YZP8DLU16RTXAMGPT","Kia","Sorento","2021","Goldenrod","31883"
"6840203315192","Steve","Kelley","7Gray@Aivee.biz","3384 Fairfield Road","","San Juan Bautista","SC","4489823","Violet","et corrupti et porro quo praesentium.","8NK0E9KGK84LF99YH","Mazda","CX-9","2021","Fuscia","15191"
"5938514423193","Jesse","Flores","BarbaraGraham@Photofeed.mil","7989 Chinook Lane","","Poway","FL","7647771","Green","consequatur dolore porro quis quo.","ULL9S1WKD9A18AVXP","Honda","CR-V","2008","Red","33219"
"0304895636194","Jack","White","pButler@Fiveclub.org","4717 Lien Street","","Ferndale","HI","0613676","Purple","eum sed sunt quo!","D1YRF35Z95J6GVJTV","Buick","Envision","1999","Violet","18468"
"2532506223195","Nicholas","Ford","et_voluptas_error@Dabshots.net","5695 Center Point","","Concord","VT","0580189","Indigo","est corrupti maiores voluptatibus illum.","PT5V79FY9H4UPL2G5","Buick","Encore","2023","Turquoise","34392"
"0828405255196","Johnny","Franklin","maxime_dolorem@Twinder.info","1458 Maywood Road","","Woodside","MD","1485974","Turquoise","id nihil quam aliquid non.","3PDYNHBP2Z76VXRY0","Toyota","RAV4","1997","Violet","31288"
"0151634989197","Cynthia","Sullivan","xThompson@Skibox.com","3935 Brentwood Lane","","Ukiah","NM","1642534","Mauv","rerum ipsum ad et sit laudantium.","HY8YEUW9F1R3J1BHV","Kia","Cadenza","2003","Turquoise","17062"
"4586535031198","Johnny","Ward","0Smith@JumpXS.net","8499 Golden Leaf Parkway","","Los Altos Hills","WA","6764622","Mauv","nemo qui mollitia vel nihil.","BA5HRGCCTB4R79ASY","Buick","Envision","2020","Red","19711"
"6526509447199","Jerry","Riley","BobbyWagner@Geba.info","1915 Pankratz Way","","Santa Barbara","SD","4493572","Goldenrod","accusantium quos impedit iste quis non aut nobis consequuntur non.","RHXL351X1EVXSBR6W","Volvo","XC60","2014","Goldenrod","33042"
"9175601507200","Stephen","Medina","sBell@Brainverse.mil","6465 Butterfield Avenue","","La Puente","NM","9677359","Pink","distinctio possimus libero quo voluptatum.","X7H9GZE0L98647V1W","GMC","Canyon","1996","Green","8956"
"1054464859201","Louis","Henderson","DianeGonzalez@Trilith.org","5266 Schlimgen Avenue","","Rancho Mirage","UT","1901234","Indigo","nisi voluptatem est nihil ullam molestias.","KN4JU366858DK2THK","Ram","2500","2010","Violet","34638"
"8978379571202","Teresa","Ruiz","consequatur_voluptatem@Voonyx.com","7987 Pepper Wood Circle","","Blue Lake","OR","7542577","Green","omnis vel ut magni culpa earum alias et natus vero expedita.","9VPKVYVSBDKZ1LEZ2","Honda","Odyssey","1996","Khaki","16352"
"3407775332203","Juan","Nguyen","BettyHunter@Browsedrive.name","5014 Susan Lane","","Tulare","ND","2538988","Fuscia","voluptas fugit adipisci eum minima.","4PLDLBSP8G20GMDPM","Mazda","CX-9","2012","Orange","35714"
"1897133604204","Robert","Smith","hRoberts@Skilith.edu","5098 Judy Drive","","Truckee","MD","5449106","Fuscia","consequatur est et maiores voluptates consequuntur tenetur quaerat.","S5HZA5CJH02ZYS670","Jeep","Wrangler","1994","Crimson","15071"
"6496951199205","Matthew","Carr","praesentium_molestias_voluptatum@Feedmix.com","5637 Esch Center","","Imperial Beach","AK","3688291","Yellow","velit repellendus est temporibus delectus.","ZWRGBUNV9GUKVBBFL","Hyundai","Kona","2001","Turquoise","24120"
"4177301269206","Keith","Hawkins","impedit_illum@Gabvine.net","9875 Toban Place","","Carmel-by-the-Sea","WA","6769461","Puce","repellat magnam provident.","TDCXTE4XR9W2KABF4","Audi","Q5","1994","Maroon","31735"
"2539989764207","Carolyn","Lopez","2Fuller@Quatz.info","2157 Sommers Terrace","","Truckee","WA","4164764","Turquoise","itaque ut veritatis itaque deleniti tenetur.","PRGMEPWNNZP7N87BA","Honda","Accord","2004","Puce","19629"
"8912158737208","Katherine","Clark","ipsa@Quatz.info","3362 Rutledge Way","","City of Commerce","IA","7457282","Crimson","est fugiat similique doloremque.","JKV7BP5KVE2J2G13D","Ford","Taurus","2023","Maroon","12736"
"5665424572209","Fred","Stanley","JosephAustin@Wordware.org","5733 Vahlen Alley","","Cotati","MS","4614705","Fuscia","in molestiae enim rerum quisquam laborum.","V7YACEJWPW9EN00SE","Chrysler","Pacifica","2023","Crimson","23947"
"5387618824210","Jose","Duncan","jRay@Brainsphere.edu","7052 Cascade Park","","Gardena","NJ","4679580","Mauv","animi nobis delectus provident qui.","SGGDDGGHPNFJPR86B","Honda","Ridgeline","2012","Purple","11431"
"9478399569211","Katherine","Welch","AnnaCole@Tagopia.biz","2858 Kim Alley","","McFarland","SD","4537250","Turquoise","consequuntur libero ut et suscipit magnam et et.","VSCXAANCBZUU65AJW","Tesla","Model X","2000","Maroon","14167"
"1072066646212","Carlos","Rodriguez","bAustin@Dabfeed.net","8623 Laurel Avenue","","Calexico","SC","5071636","Crimson","ex incidunt nemo quos repellat voluptatem.","L1MZ3TFUBUPBC322B","Ford","Escape","2020","Pink","33166"
"7592697109213","Gloria","Fowler","eum_maxime_qui@Browsezoom.biz","2403 Westridge Terrace","","South Gate","SC","5577134","Turquoise","eos blanditiis explicabo nihil minus quam in delectus vel earum.","9BHJNAJR25LTJBBT1","Mercedes-Benz","E-Class","2003","Puce","16973"
"0671779978214","Phillip","Robinson","pLewis@Chatterbridge.mil","5055 Fairview Drive","","Dinuba","PA","7541855","Pink","labore dignissimos excepturi doloribus dolore qui soluta aut adipisci!","Y4YMRB9D86YL43G8P","Tesla","Roadster","2015","Puce","23843"
"2971095416215","Kevin","Wells","0Richardson@Bluejam.info","265 American Alley","","Paramount","ID","1909102","Aquamarine","praesentium nulla fugit et illo id repudiandae.","R1F9HZ1E0B3BU09ST","Chrysler","300","1997","Goldenrod","30324"
"8142368547216","Lisa","Garza","2Lane@Divanoodle.biz","3246 Eliot Place","","Red Bluff","WA","5203323","Purple","tenetur quis ipsum id fuga doloribus aliquam voluptas!","EGYWJ6EU5U2KYNVK6","Chevrolet","Spark","2023","Mauv","30107"
"2214513897217","Steven","Walker","ShirleyPorter@Cogilith.mil","7584 Bartillon Alley","","Galt","WA","9004152","Orange","neque voluptate minima vitae quisquam.","RLB39NSZGYCKK7AZU","Kia","Soul","2002","Turquoise","25541"
"0422651306218","Frances","Green","CherylOliver@Avavee.gov","4362 Bultman Park","","Union City","NE","5667917","Indigo","unde ex corporis ut deleniti.","AVUAU1FMW6MEZ0XLB","Ford","Expedition","1995","Blue","18371"
"2767025159219","Sean","Stone","ut_et@Flipopia.name","9304 Briar Crest Alley","","Reedley","IA","1457314","Indigo","ea aliquam laudantium officiis iure.","FRBL39Y8WFJNABDBY","Tesla","Model 3","2017","Yellow","30208"
"5681985056220","Justin","Warren","MatthewRichards@BlogXS.edu","8028 Lake View Terrace","","Sausalito","MA","8975767","Indigo","et tempora qui et quibusdam neque esse ut ipsa.","B0X78P0EGV0V6W10V","Nissan","Versa","2023","Purple","20681"
"4916079747221","Martin","Dixon","uLynch@Voomm.org","1983 Bartelt Pass","","Mountain View","HI","0626698","Green","quos non impedit eum saepe eligendi.","4JAFV5NT0ZJVCDK6M","Tesla","Model S","2022","Violet","30036"
"8888214060222","Anne","Hunter","esse_qui_numquam@Babbleopia.name","905 Brentwood Terrace","","Temecula","VT","2920659","Purple","reiciendis voluptatibus nostrum fugiat.","GGRC9ZZ40WJNHVR1N","Cadillac","XT5","1998","Green","22209"
"3988987622223","Joshua","Gonzalez","ut_aut@Flashspan.org","7425 Lien Lane","","Davis","IA","3213968","Indigo","blanditiis maiores et dolores est ducimus sint facilis.","N6ZHKDPL8TYB7F2XC","GMC","Canyon","2002","Turquoise","8689"
"3703984123224","Gloria","Brooks","BenjaminRice@Youspan.name","1036 Iowa Point","","San Juan Bautista","FL","2516636","Fuscia","iusto sit aut sed officia dolor vel.","ZLH6P9YUDTFE7ND7G","Jeep","Renegade","2001","Crimson","23292"
"3855311889225","Philip","Green","PhilipSnyder@Wikibox.biz","6618 Delaware Parkway","","Walnut","IA","9621529","Crimson","minus minus vel ut aut.","ZY8HFFGRG0H7301N6","Toyota","Sequoia","1994","Green","11464"
"1235701741226","Steve","Romero","quis@Fanoodle.info","8438 Monica Park","","Covina","LA","2211071","Orange","ut voluptates veniam possimus occaecati.","J9WCJLYSU95TVT44A","Dodge","Charger","1994","Khaki","22648"
"7341692530227","Bruce","Nelson","eMurphy@Lajo.name","2693 Kim Parkway","","Huntington Park","CA","0735757","Orange","dolore ipsum quia libero velit.","3NP44R0RCX6VDWDKE","Hyundai","Sonata","2013","Yellow","26729"
"3742133643228","Carolyn","Young","fGordon@Dynava.info","6180 Golf Course Junction","","Woodside","AZ","6545004","Fuscia","est aliquam temporibus molestiae consequatur repellat odit harum suscipit deleniti.","MMJDKU1VW9TPH55BY","GMC","Acadia","2014","Khaki","7888"
"8887721069229","Bobby","Stanley","TammySullivan@Gabtype.edu","5897 East Junction","","Folsom","KY","6078929","Aquamarine","et odio omnis delectus labore quia.","WTFVX522BY7TUMPVG","Nissan","Murano","2003","Indigo","30389"
"7611824432230","Betty","Frazier","mKelley@Tagcat.info","1050 6th Hill","","Sierra Madre","MS","8239664","Orange","aut tempora mollitia quae autem et dolor nisi.","V366FU12SAYLBPVFB","Buick","Encore","2001","Crimson","23272"
"5854699608231","Jean","Larson","AnthonyWells@Bubblemix.biz","5911 Rowland Lane","","Villa Park","CT","6228047","Mauv","nobis quo velit dolorem.","ZEN8LRU2E5L1EXX64","Mercedes-Benz","S-Class","1996","Maroon","12497"
"5330009843232","Helen","Armstrong","MartinFisher@Skipstorm.info","4903 Rusk Terrace","","Baldwin Park","AZ","0792196","Yellow","dignissimos in iure aut aliquam quo consequatur soluta et.","33ZZV07NZFZ8M00TY","Ram","3500","2000","Khaki","24735"
"7454073737233","Eric","Day","tRuiz@Latz.net","3665 Elmside Drive","","Sand City","LA","6454772","Red","quia consequatur ea.","VX8AM9JCHSXKB1ZCP","Chevrolet","Impala","2011","Yellow","13049"
"5296694554234","Ronald","Ruiz","JoshuaHoward@Topiclounge.info","3851 Vermont Trail","","Redwood City","OR","0069876","Khaki","ea non reiciendis quibusdam ipsa aut totam.","V2L9G0Z7SKD6NW5EV","Nissan","Juke","2009","Teal","17798"
"3992352076235","Samuel","Montgomery","rStone@Buzzshare.info","593 Londonderry Center","","Montclair","OH","6547940","Teal","cum fugiat nihil consequatur voluptates doloremque.","UEGUBWMEVY40WBTMV","Volvo","XC60","2000","Violet","21082"
"1216732463236","Phyllis","Miller","HeatherWalker@Gabtype.net","8861 Carpenter Junction","","San Jose","ME","7446710","Maroon","ex dolor sit velit dolorem facilis perspiciatis.","3TD6D1BLX0KHCSAU4","Dodge","Charger","2002","Green","10275"
"7608488611237","Jennifer","Greene","uLawson@Centidel.biz","2516 Mccormick Circle","","Pleasant Hill","VA","9469009","Khaki","tenetur sit sapiente ipsa quis aut veritatis inventore iusto!","VVWVTTU9FCJW9PU49","Buick","LaCrosse","2015","Green","32061"
"3204321111238","Andrew","Gardner","LoriRomero@Mybuzz.net","8317 South Drive","","Lincoln","NV","2145698","Pink","id aut soluta eaque veniam dicta.","Y9JW0B6JSD472SGFR","Toyota","Camry","2010","Puce","24285"
"6423333169239","Richard","Gordon","TerryJohnson@Yabox.com","4515 Harper Drive","","Morgan Hill","AL","9847022","Purple","consequatur accusamus hic aut blanditiis nam tempore nobis.","1P8TZ2MCASUF10G2A","Chrysler","Pacifica","2006","Khaki","8915"
"0634414791240","William","Fuller","9Fowler@Skimia.mil","4114 Reinke Road","","Lindsay","NM","7039221","Goldenrod","provident tempore placeat eveniet!","DJYFU2BR6NB1PC7UW","Ford","Expedition","2003","Red","26638"
"5690468386241","Denise","Jacobs","ShawnSchmidt@Yozio.com","9630 Westridge Junction","","Rolling Hills Estates","ID","8452715","Goldenrod","quidem et hic dolor fugit sunt.","8LN62NANHM5SK5HJ6","Chevrolet","Suburban","1996","Aquamarine","30071"
"6556852531242","Aaron","Kelley","sLittle@Devpulse.net","3399 Lakewood Gardens Pass","","Lemon Grove","DE","9548087","Orange","et debitis sit omnis neque!","CB36GW25ZPS44DRK5","Audi","A6","2003","Turquoise","25869"
"1578558835243","Helen","Stewart","cHolmes@Oyoloo.net","3121 Clove Parkway","","Fillmore","CA","3542732","Puce","culpa vel et sit ratione illum rerum harum distinctio.","USWJP797MX1PTZK1H","Volkswagen","Jetta","2009","Pink","10539"
"2128076244244","Lillian","Rivera","mDunn@Twiyo.biz","2126 Meadow Valley Crossing","","Redding","IA","0383708","Maroon","error tenetur ut voluptate assumenda.","EM55K5UDGFD0MLR1M","Mazda","Mazda3","1998","Turquoise","28135"
"0221529962245","Kelly","Clark","wButler@Dablist.biz","7982 Granby Parkway","","Glendale","LA","1036218","Turquoise","officiis quae ex voluptatum possimus magnam.","2ZG67TAG21YYFL5HL","Toyota","Sequoia","2013","Pink","11296"
"2163844749246","Cynthia","Shaw","bCrawford@Babblestorm.name","6807 Golf Course Circle","","Guadalupe","NH","4791505","Green","aut autem velit earum neque est.","61F0C61BWCETN1UB6","Ford","Focus","1994","Indigo","8778"
"7479403249247","Todd","Ray","4Hill@Gabtune.org","5159 Trailsway Hill","","Etna","AL","7065058","Orange","harum nostrum nisi nostrum!","PAC8ZLUEC0B5KFGB1","Nissan","Juke","2004","Crimson","25465"
"6179586824248","Wanda","Hayes","JosephScott@Flashset.net","517 Spohn Street","","Lathrop","WV","9865124","Turquoise","quae sint et porro voluptas.","6ZH493JUBJD98NS7S","BMW","X2","2001","Purple","23138"
"9859450346249","Stephen","Collins","TinaGriffin@Flipopia.biz","100 Rusk Drive","","Adelanto","IL","6076081","Aquamarine","numquam et atque.","10LUEDSDYUSCES5AN","BMW","X3","1998","Maroon","12721"
